TimeCreated,Id,AccountName,LogonType,SourceIP,Label
2026-06-11 12:33:58,4624,BACHTRANPC$,5,Unknown,Normal
2026-06-11 12:35:57,4624,BACHTRANPC$,5,Unknown,Normal
2026-06-11 12:40:00,4624,BACHTRANPC$,5,Unknown,Normal
2026-06-11 12:40:17,4624,BACHTRANPC$,5,Unknown,Normal
2026-06-11 12:40:17,4624,BACHTRANPC$,5,Unknown,Normal
2026-06-11 12:40:17,4624,BACHTRANPC$,5,Unknown,Normal
2026-06-11 12:40:18,4624,BACHTRANPC$,5,Unknown,Normal
2026-06-11 12:46:02,4624,BACHTRANPC$,5,Unknown,Normal
2026-06-11 12:48:35,4624,BACHTRANPC$,5,Unknown,Normal
2026-06-11 12:55:44,4624,BACHTRANPC$,5,Unknown,Normal
2026-06-11 13:29:18,4624,BACHTRANPC$,5,Unknown,Normal
2026-06-11 13:29:18,4624,BACHTRANPC$,5,Unknown,Normal
2026-06-11 13:29:18,4624,BACHTRANPC$,5,Unknown,Normal
2026-06-11 13:32:49,4624,BACHTRANPC$,5,Unknown,Normal
2026-06-11 13:32:53,4624,BACHTRANPC$,5,Unknown,Normal
2026-06-11 13:32:54,4624,BACHTRANPC$,5,Unknown,Normal
2026-06-11 13:50:46,4624,BACHTRANPC$,5,Unknown,Normal
2026-06-11 13:50:46,4624,BACHTRANPC$,5,Unknown,Normal
2026-06-11 13:50:46,4624,BACHTRANPC$,5,Unknown,Normal
2026-06-11 13:50:47,4624,BACHTRANPC$,5,Unknown,Normal
2026-06-11 13:50:57,4624,BACHTRANPC$,5,Unknown,Normal
2026-06-11 13:52:49,4624,BACHTRANPC$,5,Unknown,Normal
2026-06-11 13:53:21,4624,BACHTRANPC$,5,Unknown,Normal
2026-06-11 13:57:19,4624,BACHTRANPC$,5,Unknown,Normal
2026-06-11 14:01:34,4624,BACHTRANPC$,5,Unknown,Normal
2026-06-11 14:02:09,4624,BACHTRANPC$,5,Unknown,Normal
2026-06-11 14:07:10,4624,BACHTRANPC$,5,Unknown,Normal
2026-06-11 14:09:18,4624,BACHTRANPC$,5,Unknown,Normal
2026-06-11 14:12:23,4624,BACHTRANPC$,5,Unknown,Normal
2026-06-11 14:12:24,4624,BACHTRANPC$,5,Unknown,Normal
2026-06-11 14:24:07,4624,BACHTRANPC$,5,Unknown,Normal
2026-06-11 14:24:29,4624,BACHTRANPC$,5,Unknown,Normal
2026-06-11 14:25:17,4624,BACHTRANPC$,5,Unknown,Normal
2026-06-11 14:25:17,4624,BACHTRANPC$,5,Unknown,Normal
2026-06-11 14:28:25,4624,BACHTRANPC$,5,Unknown,Normal
2026-06-11 14:42:51,4624,BACHTRANPC$,5,Unknown,Normal
2026-06-11 14:42:52,4624,BACHTRANPC$,5,Unknown,Normal
2026-06-11 14:49:53,4624,BACHTRANPC$,5,Unknown,Normal
2026-06-11 15:07:10,4624,BACHTRANPC$,5,Unknown,Normal
2026-06-11 15:13:53,4624,BACHTRANPC$,5,Unknown,Normal
2026-06-11 15:18:04,4624,BACHTRANPC$,5,Unknown,Normal
2026-06-11 15:23:44,4624,BACHTRANPC$,5,Unknown,Normal
2026-06-11 15:41:13,4624,BACHTRANPC$,5,Unknown,Normal
2026-06-11 16:08:32,4624,BACHTRANPC$,5,Unknown,Normal
2026-06-11 16:45:15,4624,BACHTRANPC$,5,Unknown,Normal
2026-06-11 16:47:38,4624,BACHTRANPC$,5,Unknown,Normal
2026-06-11 16:47:38,4624,BACHTRANPC$,5,Unknown,Normal
2026-06-11 16:47:38,4624,BACHTRANPC$,5,Unknown,Normal
2026-06-11 17:18:12,4624,BACHTRANPC$,5,Unknown,Normal
2026-06-11 17:18:12,4624,BACHTRANPC$,5,Unknown,Normal
2026-06-11 17:18:13,4624,BACHTRANPC$,5,Unknown,Normal
2026-06-11 17:26:10,4624,BACHTRANPC$,5,Unknown,Normal
2026-06-11 17:26:10,4624,BACHTRANPC$,5,Unknown,Normal
2026-06-11 18:03:53,4624,BACHTRANPC$,5,Unknown,Normal
2026-06-11 18:03:53,4624,BACHTRANPC$,5,Unknown,Normal
2026-06-11 18:32:51,4624,BACHTRANPC$,5,Unknown,Normal
2026-06-11 18:32:53,4624,BACHTRANPC$,5,Unknown,Normal
2026-06-11 18:32:55,4624,BACHTRANPC$,2,Unknown,Normal
2026-06-11 18:32:55,4624,BACHTRANPC$,2,Unknown,Normal
2026-06-11 18:32:55,4624,BACHTRANPC$,2,Unknown,Normal
2026-06-11 18:33:03,4624,BACHTRANPC$,5,Unknown,Normal
2026-06-11 21:23:20,4624,BACHTRANPC$,5,Unknown,Normal
2026-06-11 21:23:37,4624,BACHTRANPC$,5,Unknown,Normal
2026-06-11 21:23:37,4624,BACHTRANPC$,5,Unknown,Normal
2026-06-11 21:23:51,4624,BACHTRANPC$,5,Unknown,Normal
2026-06-11 21:23:51,4624,BACHTRANPC$,5,Unknown,Normal
2026-06-11 21:23:51,4624,BACHTRANPC$,5,Unknown,Normal
2026-06-11 21:23:51,4624,BACHTRANPC$,5,Unknown,Normal
2026-06-11 21:23:51,4624,BACHTRANPC$,5,Unknown,Normal
2026-06-11 21:23:51,4624,BACHTRANPC$,2,127.0.0.1,Normal
2026-06-11 21:23:51,4624,BACHTRANPC$,2,127.0.0.1,Normal
2026-06-11 21:23:57,4624,BACHTRANPC$,5,Unknown,Normal
2026-06-11 21:23:59,4624,BACHTRANPC$,5,Unknown,Normal
2026-06-11 21:25:06,4624,BACHTRANPC$,5,Unknown,Normal
2026-06-11 21:28:18,4624,BACHTRANPC$,5,Unknown,Normal
2026-06-11 21:28:52,4624,BACHTRANPC$,5,Unknown,Normal
2026-06-11 21:29:19,4624,BACHTRANPC$,5,Unknown,Normal
2026-06-11 21:29:21,4624,BACHTRANPC$,5,Unknown,Normal
2026-06-11 21:29:25,4624,BACHTRANPC$,5,Unknown,Normal
2026-06-11 21:32:19,4624,BACHTRANPC$,5,Unknown,Normal
2026-06-11 21:37:55,4624,BACHTRANPC$,5,Unknown,Normal
2026-06-11 21:38:01,4624,BACHTRANPC$,5,Unknown,Normal
2026-06-11 21:38:05,4624,BACHTRANPC$,5,Unknown,Normal
2026-06-11 21:38:52,4624,BACHTRANPC$,5,Unknown,Normal
2026-06-11 21:38:52,4624,BACHTRANPC$,5,Unknown,Normal
2026-06-11 21:38:53,4624,BACHTRANPC$,5,Unknown,Normal
2026-06-11 21:40:16,4624,BACHTRANPC$,5,Unknown,Normal
2026-06-11 21:43:09,4624,BACHTRANPC$,5,Unknown,Normal
2026-06-11 22:01:22,4624,BACHTRANPC$,5,Unknown,Normal
2026-06-11 22:01:23,4624,BACHTRANPC$,5,Unknown,Normal
2026-06-11 22:01:23,4624,BACHTRANPC$,5,Unknown,Normal
2026-06-11 23:05:39,4624,BACHTRANPC$,5,Unknown,Normal
2026-06-11 23:06:34,4624,BACHTRANPC$,5,Unknown,Normal
2026-06-11 23:07:39,4624,-,0,Unknown,Normal
2026-06-11 23:07:40,4624,BACHTRANPC$,2,Unknown,Normal
2026-06-11 23:07:40,4624,BACHTRANPC$,2,Unknown,Normal
2026-06-11 23:07:40,4624,BACHTRANPC$,5,Unknown,Normal
2026-06-11 23:07:40,4624,BACHTRANPC$,5,Unknown,Normal
2026-06-11 23:07:41,4624,BACHTRANPC$,5,Unknown,Normal
2026-06-11 23:07:41,4624,BACHTRANPC$,5,Unknown,Normal
2026-06-11 23:07:42,4624,BACHTRANPC$,5,Unknown,Normal
2026-06-11 23:07:42,4624,BACHTRANPC$,5,Unknown,Normal
2026-06-11 23:07:42,4624,BACHTRANPC$,5,Unknown,Normal
2026-06-11 23:07:42,4624,BACHTRANPC$,5,Unknown,Normal
2026-06-11 23:07:43,4624,BACHTRANPC$,2,Unknown,Normal
2026-06-11 23:07:43,4624,BACHTRANPC$,2,Unknown,Normal
2026-06-11 23:07:44,4624,BACHTRANPC$,5,Unknown,Normal
2026-06-11 23:07:44,4624,BACHTRANPC$,5,Unknown,Normal
2026-06-11 23:07:44,4624,BACHTRANPC$,5,Unknown,Normal
2026-06-11 23:07:44,4624,BACHTRANPC$,5,Unknown,Normal
2026-06-11 23:07:46,4624,BACHTRANPC$,5,Unknown,Normal
2026-06-11 23:07:47,4624,BACHTRANPC$,5,Unknown,Normal
2026-06-11 23:07:47,4624,BACHTRANPC$,5,Unknown,Normal
2026-06-11 23:07:49,4624,BACHTRANPC$,2,127.0.0.1,Normal
2026-06-11 23:07:49,4624,BACHTRANPC$,2,127.0.0.1,Normal
2026-06-11 23:07:51,4624,BACHTRANPC$,5,Unknown,Normal
2026-06-11 23:07:52,4624,BACHTRANPC$,5,Unknown,Normal
2026-06-11 23:07:54,4624,BACHTRANPC$,5,Unknown,Normal
2026-06-11 23:08:00,4624,BACHTRANPC$,5,Unknown,Normal
2026-06-11 23:08:01,4624,BACHTRANPC$,5,Unknown,Normal
2026-06-11 23:08:01,4624,BACHTRANPC$,5,Unknown,Normal
2026-06-11 23:08:01,4624,BACHTRANPC$,5,Unknown,Normal
2026-06-11 23:08:01,4624,BACHTRANPC$,5,Unknown,Normal
2026-06-11 23:08:02,4624,BACHTRANPC$,5,Unknown,Normal
2026-06-11 23:08:02,4624,BACHTRANPC$,5,Unknown,Normal
2026-06-11 23:08:02,4624,BACHTRANPC$,5,Unknown,Normal
2026-06-11 23:08:02,4624,BACHTRANPC$,5,Unknown,Normal
2026-06-11 23:08:02,4624,BACHTRANPC$,5,Unknown,Normal
2026-06-11 23:08:02,4624,BACHTRANPC$,5,Unknown,Normal
2026-06-11 23:08:02,4624,BACHTRANPC$,5,Unknown,Normal
2026-06-11 23:08:02,4624,BACHTRANPC$,5,Unknown,Normal
2026-06-11 23:08:02,4624,BACHTRANPC$,5,Unknown,Normal
2026-06-11 23:08:02,4624,BACHTRANPC$,5,Unknown,Normal
2026-06-11 23:08:02,4624,BACHTRANPC$,5,Unknown,Normal
2026-06-11 23:08:02,4624,BACHTRANPC$,5,Unknown,Normal
2026-06-11 23:08:02,4624,BACHTRANPC$,5,Unknown,Normal
2026-06-11 23:08:02,4624,BACHTRANPC$,5,Unknown,Normal
2026-06-11 23:08:02,4624,BACHTRANPC$,5,Unknown,Normal
2026-06-11 23:08:05,4624,BACHTRANPC$,5,Unknown,Normal
2026-06-11 23:08:05,4624,BACHTRANPC$,5,Unknown,Normal
2026-06-11 23:08:05,4624,BACHTRANPC$,5,Unknown,Normal
2026-06-11 23:08:10,4624,BACHTRANPC$,5,Unknown,Normal
2026-06-11 23:08:11,4624,BACHTRANPC$,5,Unknown,Normal
2026-06-11 23:08:12,4624,BACHTRANPC$,5,Unknown,Normal
2026-06-11 23:08:12,4624,BACHTRANPC$,5,Unknown,Normal
2026-06-11 23:08:22,4624,BACHTRANPC$,2,127.0.0.1,Normal
2026-06-11 23:08:22,4624,BACHTRANPC$,2,127.0.0.1,Normal
2026-06-11 23:08:22,4624,BACHTRANPC$,5,Unknown,Normal
2026-06-11 23:08:29,4624,BACHTRANPC$,5,Unknown,Normal
2026-06-11 23:09:29,4624,BACHTRANPC$,5,Unknown,Normal
2026-06-11 23:09:41,4624,BACHTRANPC$,5,Unknown,Normal
2026-06-11 23:09:52,4624,BACHTRANPC$,5,Unknown,Normal
2026-06-11 23:10:03,4624,BACHTRANPC$,5,Unknown,Normal
2026-06-11 23:10:06,4624,BACHTRANPC$,5,Unknown,Normal
2026-06-11 23:10:06,4624,BACHTRANPC$,5,Unknown,Normal
2026-06-11 23:10:06,4624,BACHTRANPC$,5,Unknown,Normal
2026-06-11 23:11:03,4624,BACHTRANPC$,5,Unknown,Normal
2026-06-11 23:12:55,4624,BACHTRANPC$,5,Unknown,Normal
2026-06-11 23:13:51,4624,BACHTRANPC$,5,Unknown,Normal
2026-06-11 23:14:21,4624,BACHTRANPC$,5,Unknown,Normal
2026-06-11 23:22:54,4624,BACHTRANPC$,5,Unknown,Normal
2026-06-11 23:22:54,4624,BACHTRANPC$,5,Unknown,Normal
2026-06-11 23:22:55,4624,BACHTRANPC$,5,Unknown,Normal
2026-06-11 23:34:01,4624,BACHTRANPC$,5,Unknown,Normal
2026-06-11 23:38:01,4624,BACHTRANPC$,5,Unknown,Normal
2026-06-11 23:43:37,4624,BACHTRANPC$,5,Unknown,Normal
2026-06-11 23:43:42,4624,BACHTRANPC$,5,Unknown,Normal
2026-06-12 00:21:08,4624,BACHTRANPC$,2,Unknown,Normal
2026-06-12 00:21:09,4624,BACHTRANPC$,2,Unknown,Normal
2026-06-12 00:21:09,4624,BACHTRANPC$,2,Unknown,Normal
2026-06-12 00:21:09,4624,BACHTRANPC$,5,Unknown,Normal
2026-06-12 00:21:09,4624,BACHTRANPC$,5,Unknown,Normal
2026-06-12 00:21:13,4624,BACHTRANPC$,5,Unknown,Normal
2026-06-12 00:21:13,4624,BACHTRANPC$,5,Unknown,Normal
2026-06-12 00:21:13,4624,BACHTRANPC$,5,Unknown,Normal
2026-06-12 00:21:13,4624,BACHTRANPC$,5,Unknown,Normal
2026-06-12 00:21:16,4624,BACHTRANPC$,5,Unknown,Normal
2026-06-12 08:05:47,4624,BACHTRANPC$,5,Unknown,Normal
2026-06-12 08:05:47,4624,BACHTRANPC$,5,Unknown,Normal
2026-06-12 08:05:47,4624,BACHTRANPC$,2,127.0.0.1,Normal
2026-06-12 08:05:47,4624,BACHTRANPC$,5,Unknown,Normal
2026-06-12 08:05:47,4624,BACHTRANPC$,2,127.0.0.1,Normal
2026-06-12 08:05:48,4624,BACHTRANPC$,5,Unknown,Normal
2026-06-12 08:05:49,4624,BACHTRANPC$,5,Unknown,Normal
2026-06-12 08:05:54,4624,BACHTRANPC$,5,Unknown,Normal
2026-06-12 08:07:33,4624,BACHTRANPC$,5,Unknown,Normal
2026-06-12 08:08:05,4624,BACHTRANPC$,2,127.0.0.1,Normal
2026-06-12 08:08:05,4624,BACHTRANPC$,2,127.0.0.1,Normal
2026-06-12 08:08:05,4624,BACHTRANPC$,5,Unknown,Normal
2026-06-12 08:08:16,4624,BACHTRANPC$,5,Unknown,Normal
2026-06-12 08:08:21,4624,BACHTRANPC$,5,Unknown,Normal
2026-06-12 08:10:48,4624,BACHTRANPC$,5,Unknown,Normal
2026-06-12 08:11:46,4624,BACHTRANPC$,5,Unknown,Normal
2026-06-12 08:11:46,4624,BACHTRANPC$,5,Unknown,Normal
2026-06-12 08:11:49,4624,BACHTRANPC$,5,Unknown,Normal
2026-06-12 08:11:49,4624,BACHTRANPC$,5,Unknown,Normal
2026-06-12 08:12:13,4624,BACHTRANPC$,5,Unknown,Normal
2026-06-12 08:13:24,4624,BACHTRANPC$,5,Unknown,Normal
2026-06-12 08:15:06,4624,BACHTRANPC$,5,Unknown,Normal
2026-06-12 08:20:48,4624,BACHTRANPC$,5,Unknown,Normal
2026-06-12 08:20:49,4624,BACHTRANPC$,5,Unknown,Normal
2026-06-12 08:20:49,4624,BACHTRANPC$,5,Unknown,Normal
2026-06-12 08:27:07,4624,BACHTRANPC$,5,Unknown,Normal
2026-06-12 08:27:30,4624,BACHTRANPC$,5,Unknown,Normal
2026-06-12 08:42:59,4624,BACHTRANPC$,5,Unknown,Normal
2026-06-12 08:59:11,4624,BACHTRANPC$,5,Unknown,Normal
2026-06-12 09:10:11,4624,BACHTRANPC$,5,Unknown,Normal
2026-06-12 09:10:11,4624,BACHTRANPC$,5,Unknown,Normal
2026-06-12 09:10:11,4624,BACHTRANPC$,2,Unknown,Normal
2026-06-12 09:10:11,4624,BACHTRANPC$,2,Unknown,Normal
2026-06-12 09:10:11,4624,BACHTRANPC$,2,Unknown,Normal
2026-06-12 09:10:21,4624,BACHTRANPC$,5,Unknown,Normal
2026-06-12 10:36:51,4624,BACHTRANPC$,5,Unknown,Normal
2026-06-12 10:37:10,4624,BACHTRANPC$,2,127.0.0.1,Normal
2026-06-12 10:37:10,4624,BACHTRANPC$,2,127.0.0.1,Normal
2026-06-12 10:37:10,4624,BACHTRANPC$,5,Unknown,Normal
2026-06-12 10:37:10,4624,BACHTRANPC$,5,Unknown,Normal
2026-06-12 10:37:10,4624,BACHTRANPC$,5,Unknown,Normal
2026-06-12 10:37:10,4624,BACHTRANPC$,5,Unknown,Normal
2026-06-12 10:37:10,4624,BACHTRANPC$,5,Unknown,Normal
2026-06-12 10:37:11,4624,BACHTRANPC$,5,Unknown,Normal
2026-06-12 10:37:11,4624,BACHTRANPC$,5,Unknown,Normal
2026-06-12 10:37:15,4624,BACHTRANPC$,5,Unknown,Normal
2026-06-12 10:37:37,4624,BACHTRANPC$,5,Unknown,Normal
2026-06-12 10:38:39,4624,BACHTRANPC$,5,Unknown,Normal
2026-06-12 10:38:52,4624,BACHTRANPC$,5,Unknown,Normal
2026-06-12 10:42:11,4624,BACHTRANPC$,5,Unknown,Normal
2026-06-12 10:48:46,4624,BACHTRANPC$,5,Unknown,Normal
2026-06-12 10:50:00,4624,BACHTRANPC$,5,Unknown,Normal
2026-06-12 10:52:11,4624,BACHTRANPC$,5,Unknown,Normal
2026-06-12 10:52:11,4624,BACHTRANPC$,5,Unknown,Normal
2026-06-12 10:52:11,4624,BACHTRANPC$,5,Unknown,Normal
2026-06-12 10:52:12,4624,BACHTRANPC$,5,Unknown,Normal
2026-06-12 11:04:35,4624,BACHTRANPC$,5,Unknown,Normal
2026-06-12 11:09:43,4624,BACHTRANPC$,5,Unknown,Normal
2026-06-12 11:10:01,4624,BACHTRANPC$,5,Unknown,Normal
2026-06-12 11:20:30,4624,BACHTRANPC$,5,Unknown,Normal
2026-06-12 11:21:36,4624,BACHTRANPC$,5,Unknown,Normal
2026-06-12 11:27:04,4624,BACHTRANPC$,5,Unknown,Normal
2026-06-12 11:33:27,4624,BACHTRANPC$,5,Unknown,Normal
2026-06-12 11:33:34,4624,BACHTRANPC$,5,Unknown,Normal
2026-06-12 12:12:03,4624,BACHTRANPC$,5,Unknown,Normal
2026-06-12 13:05:15,4624,BACHTRANPC$,5,Unknown,Normal
2026-06-12 13:15:45,4624,BACHTRANPC$,5,Unknown,Normal
2026-06-12 13:39:56,4624,BACHTRANPC$,5,Unknown,Normal
2026-06-12 13:51:00,4624,BACHTRANPC$,5,Unknown,Normal
2026-06-12 13:51:00,4624,BACHTRANPC$,5,Unknown,Normal
2026-06-12 14:33:39,4624,BACHTRANPC$,5,Unknown,Normal
2026-06-12 14:52:42,4624,BACHTRANPC$,5,Unknown,Normal
2026-06-12 15:13:39,4624,BACHTRANPC$,5,Unknown,Normal
2026-06-12 15:35:51,4624,BACHTRANPC$,5,Unknown,Normal
2026-06-12 15:56:14,4624,BACHTRANPC$,5,Unknown,Normal
2026-06-12 15:56:16,4624,BACHTRANPC$,5,Unknown,Normal
2026-06-12 16:29:33,4624,BACHTRANPC$,5,Unknown,Normal
2026-06-12 16:52:28,4624,BACHTRANPC$,5,Unknown,Normal
2026-06-12 16:59:55,4624,BACHTRANPC$,5,Unknown,Normal
2026-06-12 17:08:19,4624,BACHTRANPC$,5,Unknown,Normal
2026-06-12 17:16:51,4624,BACHTRANPC$,5,Unknown,Normal
2026-06-12 18:06:33,4624,BACHTRANPC$,5,Unknown,Normal
2026-06-12 18:25:47,4624,BACHTRANPC$,5,Unknown,Normal
2026-06-12 19:46:42,4624,BACHTRANPC$,5,Unknown,Normal
2026-06-12 20:05:55,4624,BACHTRANPC$,5,Unknown,Normal
2026-06-12 20:23:30,4624,BACHTRANPC$,5,Unknown,Normal
2026-06-12 20:23:30,4624,BACHTRANPC$,5,Unknown,Normal
2026-06-12 20:23:40,4624,BACHTRANPC$,5,Unknown,Normal
2026-06-12 20:23:46,4624,BACHTRANPC$,5,Unknown,Normal
2026-06-12 20:23:54,4624,BACHTRANPC$,5,Unknown,Normal
2026-06-12 20:47:31,4624,BACHTRANPC$,5,Unknown,Normal
2026-06-12 21:06:33,4624,BACHTRANPC$,5,Unknown,Normal
2026-06-12 21:06:33,4624,BACHTRANPC$,5,Unknown,Normal
2026-06-12 21:06:34,4624,BACHTRANPC$,5,Unknown,Normal
2026-06-12 21:06:34,4624,BACHTRANPC$,5,Unknown,Normal
2026-06-12 21:06:38,4624,BACHTRANPC$,5,Unknown,Normal
2026-06-12 21:16:39,4624,BACHTRANPC$,5,Unknown,Normal
2026-06-12 21:20:51,4624,BACHTRANPC$,5,Unknown,Normal
2026-06-12 22:18:10,4624,BACHTRANPC$,5,Unknown,Normal
2026-06-12 22:24:08,4624,BACHTRANPC$,5,Unknown,Normal
2026-06-12 22:52:14,4624,BACHTRANPC$,5,Unknown,Normal
2026-06-12 22:52:14,4624,BACHTRANPC$,5,Unknown,Normal
2026-06-12 22:52:15,4624,BACHTRANPC$,5,Unknown,Normal
2026-06-12 22:52:16,4624,BACHTRANPC$,5,Unknown,Normal
2026-06-12 23:14:22,4624,BACHTRANPC$,5,Unknown,Normal
2026-06-12 23:14:22,4624,BACHTRANPC$,5,Unknown,Normal
2026-06-12 23:14:23,4624,BACHTRANPC$,5,Unknown,Normal
2026-06-12 23:24:09,4624,BACHTRANPC$,5,Unknown,Normal
2026-06-12 23:35:23,4624,BACHTRANPC$,5,Unknown,Normal
2026-06-12 23:35:24,4624,BACHTRANPC$,5,Unknown,Normal
2026-06-12 23:39:35,4624,BACHTRANPC$,5,Unknown,Normal
2026-06-12 23:41:48,4624,BACHTRANPC$,5,Unknown,Normal
2026-06-12 23:43:57,4624,BACHTRANPC$,5,Unknown,Normal
2026-06-13 00:25:06,4624,BACHTRANPC$,5,Unknown,Normal
2026-06-13 00:26:41,4624,BACHTRANPC$,5,Unknown,Normal
2026-06-13 00:28:28,4624,BACHTRANPC$,5,Unknown,Normal
2026-06-13 00:42:54,4624,BACHTRANPC$,5,Unknown,Normal
2026-06-13 01:00:26,4624,BACHTRANPC$,5,Unknown,Normal
2026-06-13 01:02:54,4624,BACHTRANPC$,5,Unknown,Normal
2026-06-13 01:25:54,4624,BACHTRANPC$,2,Unknown,Normal
2026-06-13 01:25:54,4624,BACHTRANPC$,2,Unknown,Normal
2026-06-13 01:25:54,4624,BACHTRANPC$,2,Unknown,Normal
2026-06-13 01:25:54,4624,BACHTRANPC$,5,Unknown,Normal
2026-06-13 01:25:54,4624,BACHTRANPC$,5,Unknown,Normal
2026-06-13 01:26:00,4624,BACHTRANPC$,5,Unknown,Normal
2026-06-13 01:26:02,4624,BACHTRANPC$,5,Unknown,Normal
2026-06-13 01:26:03,4624,BACHTRANPC$,5,Unknown,Normal
2026-06-13 09:14:07,4624,BACHTRANPC$,2,127.0.0.1,Normal
2026-06-13 09:14:07,4624,BACHTRANPC$,2,127.0.0.1,Normal
2026-06-13 09:14:07,4624,BACHTRANPC$,5,Unknown,Normal
2026-06-13 09:14:07,4624,BACHTRANPC$,5,Unknown,Normal
2026-06-13 09:14:07,4624,BACHTRANPC$,5,Unknown,Normal
2026-06-13 09:14:07,4624,BACHTRANPC$,5,Unknown,Normal
2026-06-13 09:14:08,4624,BACHTRANPC$,5,Unknown,Normal
2026-06-13 09:14:08,4624,BACHTRANPC$,5,Unknown,Normal
2026-06-13 09:14:16,4624,BACHTRANPC$,5,Unknown,Normal
2026-06-13 09:14:23,4624,BACHTRANPC$,5,Unknown,Normal
2026-06-13 09:14:43,4624,BACHTRANPC$,5,Unknown,Normal
2026-06-13 09:15:25,4624,BACHTRANPC$,5,Unknown,Normal
2026-06-13 09:19:28,4624,BACHTRANPC$,5,Unknown,Normal
2026-06-13 09:19:37,4624,BACHTRANPC$,5,Unknown,Normal
2026-06-13 09:19:59,4624,BACHTRANPC$,5,Unknown,Normal
2026-06-13 09:20:57,4624,BACHTRANPC$,5,Unknown,Normal
2026-06-13 09:20:57,4624,BACHTRANPC$,5,Unknown,Normal
2026-06-13 09:20:59,4624,BACHTRANPC$,5,Unknown,Normal
2026-06-13 09:20:59,4624,BACHTRANPC$,5,Unknown,Normal
2026-06-13 09:23:57,4624,BACHTRANPC$,5,Unknown,Normal
2026-06-13 09:23:58,4624,BACHTRANPC$,5,Unknown,Normal
2026-06-13 09:25:57,4624,BACHTRANPC$,5,Unknown,Normal
2026-06-13 09:29:07,4624,BACHTRANPC$,5,Unknown,Normal
2026-06-13 09:29:08,4624,BACHTRANPC$,5,Unknown,Normal
2026-06-13 09:29:08,4624,BACHTRANPC$,5,Unknown,Normal
2026-06-13 09:33:54,4624,BACHTRANPC$,5,Unknown,Normal
2026-06-13 10:19:38,4624,BACHTRANPC$,5,Unknown,Normal
2026-06-13 11:08:19,4624,BACHTRANPC$,5,Unknown,Normal
2026-06-13 11:19:40,4624,BACHTRANPC$,5,Unknown,Normal
2026-06-13 11:19:41,4624,BACHTRANPC$,5,Unknown,Normal
2026-06-13 11:19:41,4624,BACHTRANPC$,5,Unknown,Normal
2026-06-13 11:20:58,4624,BACHTRANPC$,5,Unknown,Normal
2026-06-13 11:20:58,4624,BACHTRANPC$,5,Unknown,Normal
2026-06-13 11:54:17,4624,BACHTRANPC$,5,Unknown,Normal
2026-06-13 11:57:01,4624,BACHTRANPC$,5,Unknown,Normal
2026-06-13 11:59:24,4624,BACHTRANPC$,5,Unknown,Normal
2026-06-13 11:59:24,4624,BACHTRANPC$,5,Unknown,Normal
2026-06-13 12:03:18,4624,BACHTRANPC$,5,Unknown,Normal
2026-06-13 12:04:25,4624,BACHTRANPC$,5,Unknown,Normal
2026-06-13 12:06:30,4624,BACHTRANPC$,5,Unknown,Normal
2026-06-13 12:06:32,4624,BACHTRANPC$,5,Unknown,Normal
2026-06-13 12:07:00,4624,BACHTRANPC$,5,Unknown,Normal
2026-06-13 12:10:27,4624,BACHTRANPC$,5,Unknown,Normal
2026-06-13 12:10:36,4624,BACHTRANPC$,5,Unknown,Normal
2026-06-13 12:19:38,4624,BACHTRANPC$,5,Unknown,Normal
2026-06-13 12:30:19,4624,BACHTRANPC$,5,Unknown,Normal
2026-06-13 12:30:31,4624,BACHTRANPC$,5,Unknown,Normal
2026-06-13 12:34:40,4624,BACHTRANPC$,5,Unknown,Normal
2026-06-13 13:10:07,4624,BACHTRANPC$,5,Unknown,Normal
2026-06-13 13:10:08,4624,BACHTRANPC$,5,Unknown,Normal
2026-06-13 13:12:56,4624,BACHTRANPC$,5,Unknown,Normal
2026-06-13 13:12:59,4624,BACHTRANPC$,5,Unknown,Normal
2026-06-13 13:13:07,4624,BACHTRANPC$,5,Unknown,Normal
2026-06-13 13:13:57,4624,BACHTRANPC$,5,Unknown,Normal
2026-06-13 13:14:46,4624,BACHTRANPC$,5,Unknown,Normal
2026-06-13 13:31:07,4624,BACHTRANPC$,5,Unknown,Normal
2026-06-13 13:37:08,4624,BACHTRANPC$,5,Unknown,Normal
2026-06-13 13:37:21,4624,BACHTRANPC$,5,Unknown,Normal
2026-06-13 13:45:54,4624,BACHTRANPC$,5,Unknown,Normal
2026-06-13 13:50:52,4624,BACHTRANPC$,5,Unknown,Normal
2026-06-13 13:55:56,4624,BACHTRANPC$,5,Unknown,Normal
2026-06-13 14:01:08,4624,BACHTRANPC$,5,Unknown,Normal
2026-06-13 14:02:21,4624,BACHTRANPC$,5,Unknown,Normal
2026-06-13 14:23:19,4624,BACHTRANPC$,5,Unknown,Normal
2026-06-13 14:23:33,4624,BACHTRANPC$,5,Unknown,Normal
2026-06-13 14:26:04,4624,BACHTRANPC$,5,Unknown,Normal
2026-06-13 14:36:14,4624,BACHTRANPC$,5,Unknown,Normal
2026-06-13 14:39:08,4624,BACHTRANPC$,5,Unknown,Normal
2026-06-13 15:05:05,4624,BACHTRANPC$,5,Unknown,Normal
2026-06-13 15:15:34,4624,BACHTRANPC$,5,Unknown,Normal
2026-06-13 15:15:44,4624,BACHTRANPC$,5,Unknown,Normal
2026-06-13 15:17:27,4624,BACHTRANPC$,5,Unknown,Normal
2026-06-13 15:21:33,4624,BACHTRANPC$,5,Unknown,Normal
2026-06-13 15:22:31,4624,BACHTRANPC$,5,Unknown,Normal
2026-06-13 15:25:32,4624,BACHTRANPC$,5,Unknown,Normal
2026-06-13 15:39:08,4624,BACHTRANPC$,5,Unknown,Normal
2026-06-13 15:47:58,4624,BACHTRANPC$,5,Unknown,Normal
2026-06-13 15:47:58,4624,BACHTRANPC$,5,Unknown,Normal
2026-06-13 15:48:00,4624,BACHTRANPC$,5,Unknown,Normal
2026-06-13 16:08:38,4624,BACHTRANPC$,5,Unknown,Normal
2026-06-13 16:36:11,4624,BACHTRANPC$,5,Unknown,Normal
2026-06-13 16:36:11,4624,BACHTRANPC$,5,Unknown,Normal
2026-06-13 16:36:13,4624,BACHTRANPC$,5,Unknown,Normal
2026-06-13 16:36:14,4624,BACHTRANPC$,5,Unknown,Normal
2026-06-13 16:39:08,4624,BACHTRANPC$,5,Unknown,Normal
2026-06-13 16:47:48,4624,BACHTRANPC$,5,Unknown,Normal
2026-06-13 16:55:42,4624,BACHTRANPC$,5,Unknown,Normal
2026-06-13 16:55:53,4624,BACHTRANPC$,5,Unknown,Normal
2026-06-13 17:01:52,4624,BACHTRANPC$,5,Unknown,Normal
2026-06-13 17:01:58,4624,BACHTRANPC$,5,Unknown,Normal
2026-06-13 17:07:47,4624,BACHTRANPC$,5,Unknown,Normal
2026-06-13 17:13:48,4624,BACHTRANPC$,5,Unknown,Normal
2026-06-13 17:15:39,4624,BACHTRANPC$,5,Unknown,Normal
2026-06-13 17:15:40,4624,BACHTRANPC$,5,Unknown,Normal
2026-06-13 17:19:07,4624,BACHTRANPC$,5,Unknown,Normal
2026-06-13 17:21:56,4624,BACHTRANPC$,2,Unknown,Normal
2026-06-13 17:21:56,4624,BACHTRANPC$,2,Unknown,Normal
2026-06-13 17:21:56,4624,BACHTRANPC$,2,Unknown,Normal
2026-06-13 17:21:56,4624,BACHTRANPC$,5,Unknown,Normal
2026-06-13 17:21:56,4624,BACHTRANPC$,5,Unknown,Normal
2026-06-13 17:21:57,4624,BACHTRANPC$,5,Unknown,Normal
2026-06-13 17:22:00,4624,BACHTRANPC$,5,Unknown,Normal
2026-06-13 17:22:03,4624,BACHTRANPC$,5,Unknown,Normal
2026-06-13 19:03:18,4624,BACHTRANPC$,2,127.0.0.1,Normal
2026-06-13 19:03:18,4624,BACHTRANPC$,2,127.0.0.1,Normal
2026-06-13 19:03:19,4624,BACHTRANPC$,5,Unknown,Normal
2026-06-13 19:03:19,4624,BACHTRANPC$,5,Unknown,Normal
2026-06-13 19:03:19,4624,BACHTRANPC$,5,Unknown,Normal
2026-06-13 19:03:19,4624,BACHTRANPC$,5,Unknown,Normal
2026-06-13 19:03:19,4624,BACHTRANPC$,5,Unknown,Normal
2026-06-13 19:03:20,4624,BACHTRANPC$,5,Unknown,Normal
2026-06-13 19:03:20,4624,BACHTRANPC$,5,Unknown,Normal
2026-06-13 19:03:27,4624,BACHTRANPC$,5,Unknown,Normal
2026-06-13 19:03:33,4624,BACHTRANPC$,5,Unknown,Normal
2026-06-13 19:04:25,4624,BACHTRANPC$,5,Unknown,Normal
2026-06-13 19:08:19,4624,BACHTRANPC$,5,Unknown,Normal
2026-06-13 19:11:23,4624,BACHTRANPC$,5,Unknown,Normal
2026-06-13 19:13:55,4624,BACHTRANPC$,5,Unknown,Normal
2026-06-13 19:14:42,4624,BACHTRANPC$,5,Unknown,Normal
2026-06-13 19:14:42,4624,BACHTRANPC$,5,Unknown,Normal
2026-06-13 19:18:19,4624,BACHTRANPC$,5,Unknown,Normal
2026-06-13 19:18:19,4624,BACHTRANPC$,5,Unknown,Normal
2026-06-13 19:18:20,4624,BACHTRANPC$,5,Unknown,Normal
2026-06-13 19:18:22,4624,BACHTRANPC$,5,Unknown,Normal
2026-06-13 19:22:24,4624,BACHTRANPC$,5,Unknown,Normal
2026-06-13 19:30:32,4624,BACHTRANPC$,5,Unknown,Normal
2026-06-13 19:31:25,4624,BACHTRANPC$,5,Unknown,Normal
2026-06-13 19:52:13,4624,BACHTRANPC$,5,Unknown,Normal
2026-06-13 20:11:29,4624,BACHTRANPC$,5,Unknown,Normal
2026-06-13 20:13:37,4624,BACHTRANPC$,5,Unknown,Normal
2026-06-13 20:15:22,4624,BACHTRANPC$,5,Unknown,Normal
2026-06-13 20:16:07,4624,BACHTRANPC$,5,Unknown,Normal
2026-06-13 20:16:07,4624,BACHTRANPC$,5,Unknown,Normal
2026-06-13 20:16:07,4624,BACHTRANPC$,2,Unknown,Normal
2026-06-13 20:16:07,4624,BACHTRANPC$,2,Unknown,Normal
2026-06-13 20:16:07,4624,BACHTRANPC$,2,Unknown,Normal
2026-06-13 20:16:11,4624,BACHTRANPC$,2,Unknown,Normal
2026-06-13 20:16:11,4624,BACHTRANPC$,2,Unknown,Normal
2026-06-13 20:16:11,4624,BACHTRANPC$,2,Unknown,Normal
2026-06-13 20:16:13,4624,BACHTRANPC$,5,Unknown,Normal
2026-06-13 20:16:17,4624,BACHTRANPC$,5,Unknown,Normal
2026-06-13 21:02:18,4624,BACHTRANPC$,2,127.0.0.1,Normal
2026-06-13 21:02:18,4624,BACHTRANPC$,2,127.0.0.1,Normal
2026-06-13 21:02:19,4624,BACHTRANPC$,5,Unknown,Normal
2026-06-13 21:02:19,4624,BACHTRANPC$,5,Unknown,Normal
2026-06-13 21:02:19,4624,BACHTRANPC$,5,Unknown,Normal
2026-06-13 21:02:19,4624,BACHTRANPC$,5,Unknown,Normal
2026-06-13 21:02:19,4624,BACHTRANPC$,5,Unknown,Normal
2026-06-13 21:02:20,4624,BACHTRANPC$,5,Unknown,Normal
2026-06-13 21:02:24,4624,BACHTRANPC$,5,Unknown,Normal
2026-06-13 21:02:28,4624,BACHTRANPC$,5,Unknown,Normal
2026-06-13 21:03:36,4624,BACHTRANPC$,5,Unknown,Normal
2026-06-13 21:06:33,4624,BACHTRANPC$,5,Unknown,Normal
2026-06-13 21:07:19,4624,BACHTRANPC$,5,Unknown,Normal
2026-06-13 21:13:43,4624,BACHTRANPC$,5,Unknown,Normal
2026-06-13 21:14:16,4624,BACHTRANPC$,5,Unknown,Normal
2026-06-13 21:17:19,4624,BACHTRANPC$,5,Unknown,Normal
2026-06-13 21:17:20,4624,BACHTRANPC$,5,Unknown,Normal
2026-06-13 21:17:20,4624,BACHTRANPC$,5,Unknown,Normal
2026-06-13 21:17:21,4624,BACHTRANPC$,5,Unknown,Normal
2026-06-13 21:26:53,4624,BACHTRANPC$,5,Unknown,Normal
2026-06-13 21:38:02,4624,BACHTRANPC$,5,Unknown,Normal
2026-06-13 21:40:20,4624,BACHTRANPC$,5,Unknown,Normal
2026-06-13 21:48:53,4624,BACHTRANPC$,5,Unknown,Normal
2026-06-13 21:56:51,4624,BACHTRANPC$,5,Unknown,Normal
2026-06-13 22:33:38,4624,BACHTRANPC$,5,Unknown,Normal
2026-06-13 22:38:06,4624,BACHTRANPC$,5,Unknown,Normal
2026-06-13 22:42:47,4624,BACHTRANPC$,5,Unknown,Normal
2026-06-13 22:49:20,4624,BACHTRANPC$,5,Unknown,Normal
2026-06-13 22:55:26,4624,BACHTRANPC$,5,Unknown,Normal
2026-06-13 22:56:33,4624,BACHTRANPC$,5,Unknown,Normal
2026-06-13 23:04:20,4624,BACHTRANPC$,5,Unknown,Normal
2026-06-13 23:06:07,4624,BACHTRANPC$,5,Unknown,Normal
2026-06-13 23:14:25,4624,BACHTRANPC$,5,Unknown,Normal
2026-06-13 23:27:49,4624,BACHTRANPC$,5,Unknown,Normal
2026-06-13 23:27:49,4624,BACHTRANPC$,5,Unknown,Normal
2026-06-13 23:27:50,4624,BACHTRANPC$,5,Unknown,Normal
2026-06-13 23:36:43,4624,BACHTRANPC$,5,Unknown,Normal
2026-06-13 23:36:44,4624,BACHTRANPC$,5,Unknown,Normal
2026-06-13 23:40:59,4624,BACHTRANPC$,2,Unknown,Normal
2026-06-13 23:41:00,4624,BACHTRANPC$,5,Unknown,Normal
2026-06-13 23:41:00,4624,BACHTRANPC$,2,Unknown,Normal
2026-06-13 23:41:00,4624,BACHTRANPC$,2,Unknown,Normal
2026-06-13 23:41:00,4624,BACHTRANPC$,5,Unknown,Normal
2026-06-13 23:41:02,4624,BACHTRANPC$,5,Unknown,Normal
2026-06-13 23:41:10,4624,BACHTRANPC$,5,Unknown,Normal
2026-06-14 06:44:02,4624,BACHTRANPC$,5,Unknown,Normal
2026-06-14 06:44:05,4624,BACHTRANPC$,2,127.0.0.1,Normal
2026-06-14 06:44:05,4624,BACHTRANPC$,2,127.0.0.1,Normal
2026-06-14 06:44:05,4624,BACHTRANPC$,5,Unknown,Normal
2026-06-14 06:44:05,4624,BACHTRANPC$,5,Unknown,Normal
2026-06-14 06:44:05,4624,BACHTRANPC$,5,Unknown,Normal
2026-06-14 06:44:06,4624,BACHTRANPC$,5,Unknown,Normal
2026-06-14 06:44:07,4624,BACHTRANPC$,5,Unknown,Normal
2026-06-14 06:44:17,4624,BACHTRANPC$,5,Unknown,Normal
2026-06-14 06:44:23,4624,BACHTRANPC$,5,Unknown,Normal
2026-06-14 06:45:47,4624,BACHTRANPC$,5,Unknown,Normal
2026-06-14 06:46:27,4624,BACHTRANPC$,5,Unknown,Normal
2026-06-14 06:47:25,4624,BACHTRANPC$,5,Unknown,Normal
2026-06-14 06:49:01,4624,BACHTRANPC$,5,Unknown,Normal
2026-06-14 06:49:06,4624,BACHTRANPC$,5,Unknown,Normal
2026-06-14 06:49:27,4624,BACHTRANPC$,5,Unknown,Normal
2026-06-14 06:50:02,4624,BACHTRANPC$,5,Unknown,Normal
2026-06-14 06:50:02,4624,BACHTRANPC$,5,Unknown,Normal
2026-06-14 06:50:03,4624,BACHTRANPC$,5,Unknown,Normal
2026-06-14 06:55:29,4624,BACHTRANPC$,5,Unknown,Normal
2026-06-14 06:59:06,4624,BACHTRANPC$,5,Unknown,Normal
2026-06-14 06:59:06,4624,BACHTRANPC$,5,Unknown,Normal
2026-06-14 06:59:07,4624,BACHTRANPC$,5,Unknown,Normal
2026-06-14 06:59:07,4624,BACHTRANPC$,5,Unknown,Normal
2026-06-14 07:05:32,4624,BACHTRANPC$,5,Unknown,Normal
2026-06-14 07:05:42,4624,BACHTRANPC$,5,Unknown,Normal
2026-06-14 07:06:56,4624,BACHTRANPC$,5,Unknown,Normal
2026-06-14 07:19:51,4624,BACHTRANPC$,5,Unknown,Normal
2026-06-14 07:21:48,4624,BACHTRANPC$,5,Unknown,Normal
2026-06-14 07:24:22,4624,BACHTRANPC$,5,Unknown,Normal
2026-06-14 07:30:42,4624,BACHTRANPC$,5,Unknown,Normal
2026-06-14 07:30:53,4624,BACHTRANPC$,5,Unknown,Normal
2026-06-14 07:35:23,4624,BACHTRANPC$,5,Unknown,Normal
2026-06-14 07:40:15,4624,BACHTRANPC$,5,Unknown,Normal
2026-06-14 07:42:53,4624,BACHTRANPC$,5,Unknown,Normal
2026-06-14 07:43:04,4624,BACHTRANPC$,5,Unknown,Normal
2026-06-14 07:46:09,4624,BACHTRANPC$,2,Unknown,Normal
2026-06-14 07:46:09,4624,BACHTRANPC$,2,Unknown,Normal
2026-06-14 07:46:09,4624,BACHTRANPC$,2,Unknown,Normal
2026-06-14 07:46:09,4624,BACHTRANPC$,5,Unknown,Normal
2026-06-14 07:46:09,4624,BACHTRANPC$,5,Unknown,Normal
2026-06-14 07:46:12,4624,BACHTRANPC$,5,Unknown,Normal
2026-06-14 07:46:16,4624,BACHTRANPC$,5,Unknown,Normal
2026-06-14 09:59:57,4624,BACHTRANPC$,5,Unknown,Normal
2026-06-14 10:00:05,4624,BACHTRANPC$,2,127.0.0.1,Normal
2026-06-14 10:00:05,4624,BACHTRANPC$,2,127.0.0.1,Normal
2026-06-14 10:00:06,4624,BACHTRANPC$,5,Unknown,Normal
2026-06-14 10:00:06,4624,BACHTRANPC$,5,Unknown,Normal
2026-06-14 10:00:06,4624,BACHTRANPC$,5,Unknown,Normal
2026-06-14 10:00:06,4624,BACHTRANPC$,5,Unknown,Normal
2026-06-14 10:00:06,4624,BACHTRANPC$,5,Unknown,Normal
2026-06-14 10:00:13,4624,BACHTRANPC$,5,Unknown,Normal
2026-06-14 10:00:18,4624,BACHTRANPC$,5,Unknown,Normal
2026-06-14 10:01:36,4624,BACHTRANPC$,5,Unknown,Normal
2026-06-14 10:03:25,4624,BACHTRANPC$,5,Unknown,Normal
2026-06-14 10:05:01,4624,BACHTRANPC$,5,Unknown,Normal
2026-06-14 10:05:06,4624,BACHTRANPC$,5,Unknown,Normal
2026-06-14 10:11:27,4624,BACHTRANPC$,5,Unknown,Normal
2026-06-14 10:11:33,4624,BACHTRANPC$,5,Unknown,Normal
2026-06-14 10:11:33,4624,BACHTRANPC$,5,Unknown,Normal
2026-06-14 10:11:33,4624,BACHTRANPC$,5,Unknown,Normal
2026-06-14 10:11:34,4624,BACHTRANPC$,5,Unknown,Normal
2026-06-14 10:15:06,4624,BACHTRANPC$,5,Unknown,Normal
2026-06-14 10:15:07,4624,BACHTRANPC$,5,Unknown,Normal
2026-06-14 10:15:07,4624,BACHTRANPC$,5,Unknown,Normal
2026-06-14 10:17:46,4624,BACHTRANPC$,5,Unknown,Normal
2026-06-14 10:17:57,4624,BACHTRANPC$,5,Unknown,Normal
2026-06-14 10:24:51,4624,BACHTRANPC$,5,Unknown,Normal
2026-06-14 10:24:52,4624,BACHTRANPC$,5,Unknown,Normal
2026-06-14 10:27:32,4624,BACHTRANPC$,5,Unknown,Normal
2026-06-14 10:27:58,4624,BACHTRANPC$,5,Unknown,Normal
2026-06-14 10:34:05,4624,BACHTRANPC$,5,Unknown,Normal
2026-06-14 10:36:27,4624,BACHTRANPC$,5,Unknown,Normal
2026-06-14 10:40:12,4624,BACHTRANPC$,5,Unknown,Normal
2026-06-14 10:40:23,4624,BACHTRANPC$,5,Unknown,Normal
2026-06-14 10:51:03,4624,BACHTRANPC$,5,Unknown,Normal
2026-06-14 10:52:07,4624,BACHTRANPC$,5,Unknown,Normal
2026-06-14 11:01:45,4624,BACHTRANPC$,5,Unknown,Normal
2026-06-14 11:01:57,4624,BACHTRANPC$,5,Unknown,Normal
2026-06-14 11:03:31,4624,BACHTRANPC$,5,Unknown,Normal
2026-06-14 11:19:53,4624,BACHTRANPC$,5,Unknown,Normal
2026-06-14 11:24:43,4624,BACHTRANPC$,5,Unknown,Normal
2026-06-14 11:24:43,4624,BACHTRANPC$,5,Unknown,Normal
2026-06-14 11:27:09,4624,BACHTRANPC$,5,Unknown,Normal
2026-06-14 11:33:31,4624,BACHTRANPC$,5,Unknown,Normal
2026-06-14 11:38:27,4624,BACHTRANPC$,5,Unknown,Normal
2026-06-14 11:39:16,4624,BACHTRANPC$,5,Unknown,Normal
2026-06-14 11:42:36,4624,BACHTRANPC$,5,Unknown,Normal
2026-06-14 11:46:53,4624,BACHTRANPC$,5,Unknown,Normal
2026-06-14 11:47:10,4624,BACHTRANPC$,5,Unknown,Normal
2026-06-14 11:47:12,4624,BACHTRANPC$,5,Unknown,Normal
2026-06-14 11:51:02,4624,BACHTRANPC$,5,Unknown,Normal
2026-06-14 11:53:54,4624,BACHTRANPC$,5,Unknown,Normal
2026-06-14 11:58:59,4624,BACHTRANPC$,5,Unknown,Normal
2026-06-14 12:00:04,4624,BACHTRANPC$,5,Unknown,Normal
2026-06-14 12:00:40,4624,BACHTRANPC$,5,Unknown,Normal
2026-06-14 12:00:40,4624,BACHTRANPC$,5,Unknown,Normal
2026-06-14 12:03:41,4624,BACHTRANPC$,5,Unknown,Normal
2026-06-14 12:05:40,4624,BACHTRANPC$,5,Unknown,Normal
2026-06-14 12:06:05,4624,BACHTRANPC$,5,Unknown,Normal
2026-06-14 12:06:48,4624,BACHTRANPC$,5,Unknown,Normal
2026-06-14 12:16:06,4624,BACHTRANPC$,5,Unknown,Normal
2026-06-14 12:31:11,4624,BACHTRANPC$,5,Unknown,Normal
2026-06-14 12:32:08,4624,BACHTRANPC$,5,Unknown,Normal
2026-06-14 12:32:18,4624,BACHTRANPC$,5,Unknown,Normal
2026-06-14 12:40:01,4624,BACHTRANPC$,5,Unknown,Normal
2026-06-14 12:40:06,4624,BACHTRANPC$,5,Unknown,Normal
2026-06-14 12:41:06,4624,BACHTRANPC$,5,Unknown,Normal
2026-06-14 12:41:17,4624,BACHTRANPC$,5,Unknown,Normal
2026-06-14 12:41:54,4624,BACHTRANPC$,5,Unknown,Normal
2026-06-14 12:42:40,4624,BACHTRANPC$,5,Unknown,Normal
2026-06-14 12:43:55,4624,BACHTRANPC$,5,Unknown,Normal
2026-06-14 12:45:22,4624,BACHTRANPC$,5,Unknown,Normal
2026-06-14 12:45:49,4624,BACHTRANPC$,5,Unknown,Normal
2026-06-14 12:50:36,4624,BACHTRANPC$,2,Unknown,Normal
2026-06-14 12:50:36,4624,BACHTRANPC$,2,Unknown,Normal
2026-06-14 12:50:36,4624,BACHTRANPC$,2,Unknown,Normal
2026-06-14 12:50:36,4624,BACHTRANPC$,5,Unknown,Normal
2026-06-14 12:50:39,4624,BACHTRANPC$,5,Unknown,Normal
2026-06-14 12:50:44,4624,BACHTRANPC$,5,Unknown,Normal
2026-06-14 15:35:26,4624,BACHTRANPC$,5,Unknown,Normal
2026-06-14 15:35:26,4624,BACHTRANPC$,5,Unknown,Normal
2026-06-14 15:35:26,4624,BACHTRANPC$,5,Unknown,Normal
2026-06-14 15:35:26,4624,BACHTRANPC$,2,127.0.0.1,Normal
2026-06-14 15:35:26,4624,BACHTRANPC$,5,Unknown,Normal
2026-06-14 15:35:26,4624,BACHTRANPC$,2,127.0.0.1,Normal
2026-06-14 15:35:27,4624,BACHTRANPC$,5,Unknown,Normal
2026-06-14 15:35:27,4624,BACHTRANPC$,5,Unknown,Normal
2026-06-14 15:35:41,4624,BACHTRANPC$,5,Unknown,Normal
2026-06-14 15:37:02,4624,BACHTRANPC$,5,Unknown,Normal
2026-06-14 15:37:50,4624,BACHTRANPC$,5,Unknown,Normal
2026-06-14 15:40:26,4624,BACHTRANPC$,5,Unknown,Normal
2026-06-14 15:40:50,4624,BACHTRANPC$,5,Unknown,Normal
2026-06-14 15:48:18,4624,BACHTRANPC$,5,Unknown,Normal
2026-06-14 15:50:26,4624,BACHTRANPC$,5,Unknown,Normal
2026-06-14 15:50:27,4624,BACHTRANPC$,5,Unknown,Normal
2026-06-14 15:50:27,4624,BACHTRANPC$,5,Unknown,Normal
2026-06-14 15:50:28,4624,BACHTRANPC$,5,Unknown,Normal
2026-06-14 16:11:46,4624,BACHTRANPC$,5,Unknown,Normal
2026-06-14 16:26:28,4624,BACHTRANPC$,5,Unknown,Normal
2026-06-14 16:28:34,4624,BACHTRANPC$,5,Unknown,Normal
2026-06-14 16:31:29,4624,BACHTRANPC$,5,Unknown,Normal
2026-06-14 16:33:32,4624,BACHTRANPC$,2,Unknown,Normal
2026-06-14 16:33:32,4624,BACHTRANPC$,2,Unknown,Normal
2026-06-14 16:33:32,4624,BACHTRANPC$,2,Unknown,Normal
2026-06-14 16:33:33,4624,BACHTRANPC$,5,Unknown,Normal
2026-06-14 16:33:33,4624,BACHTRANPC$,5,Unknown,Normal
2026-06-14 16:33:36,4624,BACHTRANPC$,5,Unknown,Normal
2026-06-14 16:33:40,4624,BACHTRANPC$,5,Unknown,Normal
2026-06-14 16:56:56,4624,BACHTRANPC$,5,Unknown,Normal
2026-06-14 16:57:26,4624,BACHTRANPC$,5,Unknown,Normal
2026-06-14 16:57:26,4624,BACHTRANPC$,5,Unknown,Normal
2026-06-14 16:57:26,4624,BACHTRANPC$,5,Unknown,Normal
2026-06-14 16:57:26,4624,BACHTRANPC$,2,127.0.0.1,Normal
2026-06-14 16:57:26,4624,BACHTRANPC$,2,127.0.0.1,Normal
2026-06-14 16:57:26,4624,BACHTRANPC$,5,Unknown,Normal
2026-06-14 16:57:26,4624,BACHTRANPC$,5,Unknown,Normal
2026-06-14 16:57:27,4624,BACHTRANPC$,5,Unknown,Normal
2026-06-14 16:57:31,4624,BACHTRANPC$,5,Unknown,Normal
2026-06-14 16:57:33,4624,BACHTRANPC$,5,Unknown,Normal
2026-06-14 16:57:38,4624,BACHTRANPC$,5,Unknown,Normal
2026-06-14 16:58:23,4624,BACHTRANPC$,5,Unknown,Normal
2026-06-14 17:01:35,4624,BACHTRANPC$,5,Unknown,Normal
2026-06-14 17:02:27,4624,BACHTRANPC$,5,Unknown,Normal
2026-06-14 17:02:43,4624,BACHTRANPC$,5,Unknown,Normal
2026-06-14 17:03:43,4624,BACHTRANPC$,5,Unknown,Normal
2026-06-14 17:06:44,4624,BACHTRANPC$,5,Unknown,Normal
2026-06-14 17:08:46,4624,BACHTRANPC$,5,Unknown,Normal
2026-06-14 17:11:47,4624,BACHTRANPC$,5,Unknown,Normal
2026-06-14 17:12:27,4624,BACHTRANPC$,5,Unknown,Normal
2026-06-14 17:12:27,4624,BACHTRANPC$,5,Unknown,Normal
2026-06-14 17:12:28,4624,BACHTRANPC$,5,Unknown,Normal
2026-06-14 17:21:45,4624,BACHTRANPC$,5,Unknown,Normal
2026-06-14 17:21:45,4624,BACHTRANPC$,5,Unknown,Normal
2026-06-14 17:21:47,4624,BACHTRANPC$,5,Unknown,Normal
2026-06-14 17:32:55,4624,BACHTRANPC$,5,Unknown,Normal
2026-06-14 17:34:58,4624,BACHTRANPC$,2,Unknown,Normal
2026-06-14 17:34:58,4624,BACHTRANPC$,5,Unknown,Normal
2026-06-14 17:34:58,4624,BACHTRANPC$,2,Unknown,Normal
2026-06-14 17:34:58,4624,BACHTRANPC$,2,Unknown,Normal
2026-06-14 17:34:58,4624,BACHTRANPC$,5,Unknown,Normal
2026-06-14 17:34:58,4624,BACHTRANPC$,5,Unknown,Normal
2026-06-14 17:35:01,4624,BACHTRANPC$,5,Unknown,Normal
2026-06-14 17:35:04,4624,BACHTRANPC$,5,Unknown,Normal
2026-06-14 21:51:38,4624,BACHTRANPC$,5,Unknown,Normal
2026-06-14 21:51:43,4624,BACHTRANPC$,5,Unknown,Normal
2026-06-14 21:51:50,4624,BACHTRANPC$,5,Unknown,Normal
2026-06-14 21:52:09,4624,BACHTRANPC$,2,127.0.0.1,Normal
2026-06-14 21:52:09,4624,BACHTRANPC$,2,127.0.0.1,Normal
2026-06-14 21:52:09,4624,BACHTRANPC$,5,Unknown,Normal
2026-06-14 21:52:09,4624,BACHTRANPC$,5,Unknown,Normal
2026-06-14 21:52:09,4624,BACHTRANPC$,5,Unknown,Normal
2026-06-14 21:52:09,4624,BACHTRANPC$,5,Unknown,Normal
2026-06-14 21:52:10,4624,BACHTRANPC$,5,Unknown,Normal
2026-06-14 21:52:10,4624,BACHTRANPC$,5,Unknown,Normal
2026-06-14 21:52:28,4624,BACHTRANPC$,5,Unknown,Normal
2026-06-14 21:53:22,4624,BACHTRANPC$,5,Unknown,Normal
2026-06-14 21:57:10,4624,BACHTRANPC$,5,Unknown,Normal
2026-06-14 21:58:13,4624,BACHTRANPC$,5,Unknown,Normal
2026-06-14 22:01:46,4624,BACHTRANPC$,5,Unknown,Normal
2026-06-14 22:02:04,4624,BACHTRANPC$,5,Unknown,Normal
2026-06-14 22:07:06,4624,BACHTRANPC$,5,Unknown,Normal
2026-06-14 22:07:10,4624,BACHTRANPC$,5,Unknown,Normal
2026-06-14 22:07:10,4624,BACHTRANPC$,5,Unknown,Normal
2026-06-14 22:07:10,4624,BACHTRANPC$,5,Unknown,Normal
2026-06-14 22:08:37,4624,BACHTRANPC$,5,Unknown,Normal
2026-06-14 22:12:06,4624,BACHTRANPC$,5,Unknown,Normal
2026-06-14 22:27:03,4624,BACHTRANPC$,5,Unknown,Normal
2026-06-14 22:31:09,4624,BACHTRANPC$,5,Unknown,Normal
2026-06-14 22:58:35,4624,BACHTRANPC$,5,Unknown,Normal
2026-06-14 22:58:36,4624,BACHTRANPC$,5,Unknown,Normal
2026-06-14 22:58:47,4624,BACHTRANPC$,5,Unknown,Normal
2026-06-14 23:00:42,4624,BACHTRANPC$,5,Unknown,Normal
2026-06-14 23:00:59,4624,BACHTRANPC$,5,Unknown,Normal
2026-06-14 23:04:52,4624,BACHTRANPC$,5,Unknown,Normal
2026-06-14 23:08:05,4624,BACHTRANPC$,5,Unknown,Normal
2026-06-14 23:08:08,4624,BACHTRANPC$,5,Unknown,Normal
2026-06-14 23:14:26,4624,BACHTRANPC$,5,Unknown,Normal
2026-06-14 23:14:26,4624,BACHTRANPC$,5,Unknown,Normal
2026-06-14 23:14:27,4624,BACHTRANPC$,5,Unknown,Normal
2026-06-14 23:30:07,4624,BACHTRANPC$,5,Unknown,Normal
2026-06-14 23:47:19,4624,BACHTRANPC$,5,Unknown,Normal
2026-06-14 23:51:44,4624,BACHTRANPC$,5,Unknown,Normal
2026-06-14 23:51:45,4624,BACHTRANPC$,5,Unknown,Normal
2026-06-14 23:54:12,4624,BACHTRANPC$,5,Unknown,Normal
2026-06-14 23:54:12,4624,BACHTRANPC$,5,Unknown,Normal
2026-06-15 00:07:21,4624,BACHTRANPC$,5,Unknown,Normal
2026-06-15 00:10:52,4624,BACHTRANPC$,5,Unknown,Normal
2026-06-15 00:13:51,4624,BACHTRANPC$,5,Unknown,Normal
2026-06-15 00:15:21,4624,BACHTRANPC$,5,Unknown,Normal
2026-06-15 00:20:16,4624,BACHTRANPC$,5,Unknown,Normal
2026-06-15 00:24:58,4624,BACHTRANPC$,5,Unknown,Normal
2026-06-15 00:37:59,4624,BACHTRANPC$,5,Unknown,Normal
2026-06-15 00:38:14,4624,BACHTRANPC$,5,Unknown,Normal
2026-06-15 00:38:55,4624,BACHTRANPC$,5,Unknown,Normal
2026-06-15 00:38:55,4624,BACHTRANPC$,5,Unknown,Normal
2026-06-15 00:39:45,4624,BACHTRANPC$,5,Unknown,Normal
2026-06-15 00:39:47,4624,BACHTRANPC$,5,Unknown,Normal
2026-06-15 00:44:32,4624,BACHTRANPC$,5,Unknown,Normal
2026-06-15 01:27:10,4624,BACHTRANPC$,2,Unknown,Normal
2026-06-15 01:27:10,4624,BACHTRANPC$,2,Unknown,Normal
2026-06-15 01:27:10,4624,BACHTRANPC$,2,Unknown,Normal
2026-06-15 01:27:10,4624,BACHTRANPC$,5,Unknown,Normal
2026-06-15 01:27:10,4624,BACHTRANPC$,5,Unknown,Normal
2026-06-15 01:27:11,4624,BACHTRANPC$,5,Unknown,Normal
2026-06-15 01:27:12,4624,BACHTRANPC$,5,Unknown,Normal
2026-06-15 01:27:16,4624,BACHTRANPC$,5,Unknown,Normal
2026-06-15 06:34:41,4624,BACHTRANPC$,5,Unknown,Normal
2026-06-15 06:34:41,4624,BACHTRANPC$,5,Unknown,Normal
2026-06-15 06:34:41,4624,BACHTRANPC$,2,127.0.0.1,Normal
2026-06-15 06:34:41,4624,BACHTRANPC$,5,Unknown,Normal
2026-06-15 06:34:41,4624,BACHTRANPC$,2,127.0.0.1,Normal
2026-06-15 06:34:42,4624,BACHTRANPC$,5,Unknown,Normal
2026-06-15 06:34:43,4624,BACHTRANPC$,5,Unknown,Normal
2026-06-15 06:34:48,4624,BACHTRANPC$,5,Unknown,Normal
2026-06-15 06:34:52,4624,BACHTRANPC$,5,Unknown,Normal
2026-06-15 06:34:57,4624,BACHTRANPC$,2,127.0.0.1,Normal
2026-06-15 06:34:57,4624,BACHTRANPC$,2,127.0.0.1,Normal
2026-06-15 06:34:57,4624,BACHTRANPC$,5,Unknown,Normal
2026-06-15 06:36:26,4624,BACHTRANPC$,5,Unknown,Normal
2026-06-15 06:39:42,4624,BACHTRANPC$,5,Unknown,Normal
2026-06-15 06:40:03,4624,BACHTRANPC$,5,Unknown,Normal
2026-06-15 06:40:39,4624,BACHTRANPC$,5,Unknown,Normal
2026-06-15 06:40:42,4624,BACHTRANPC$,5,Unknown,Normal
2026-06-15 06:40:42,4624,BACHTRANPC$,5,Unknown,Normal
2026-06-15 06:40:42,4624,BACHTRANPC$,5,Unknown,Normal
2026-06-15 06:44:26,4624,BACHTRANPC$,5,Unknown,Normal
2026-06-15 06:46:06,4624,BACHTRANPC$,5,Unknown,Normal
2026-06-15 06:48:00,4624,BACHTRANPC$,5,Unknown,Normal
2026-06-15 06:49:42,4624,BACHTRANPC$,5,Unknown,Normal
2026-06-15 06:49:42,4624,BACHTRANPC$,5,Unknown,Normal
2026-06-15 06:49:43,4624,BACHTRANPC$,5,Unknown,Normal
2026-06-15 06:52:27,4624,BACHTRANPC$,5,Unknown,Normal
2026-06-15 06:58:24,4624,BACHTRANPC$,5,Unknown,Normal
2026-06-15 06:58:53,4624,BACHTRANPC$,5,Unknown,Normal
2026-06-15 06:58:57,4624,BACHTRANPC$,5,Unknown,Normal
2026-06-15 06:59:00,4624,BACHTRANPC$,5,Unknown,Normal
2026-06-15 07:04:40,4624,BACHTRANPC$,5,Unknown,Normal
2026-06-15 07:07:50,4624,BACHTRANPC$,2,Unknown,Normal
2026-06-15 07:07:50,4624,BACHTRANPC$,5,Unknown,Normal
2026-06-15 07:07:50,4624,BACHTRANPC$,2,Unknown,Normal
2026-06-15 07:07:50,4624,BACHTRANPC$,2,Unknown,Normal
2026-06-15 07:07:50,4624,BACHTRANPC$,5,Unknown,Normal
2026-06-15 07:07:54,4624,BACHTRANPC$,5,Unknown,Normal
2026-06-15 07:07:58,4624,BACHTRANPC$,5,Unknown,Normal
2026-06-15 07:36:49,4624,BACHTRANPC$,2,127.0.0.1,Normal
2026-06-15 07:36:49,4624,BACHTRANPC$,2,127.0.0.1,Normal
2026-06-15 07:36:49,4624,BACHTRANPC$,5,Unknown,Normal
2026-06-15 07:36:49,4624,BACHTRANPC$,5,Unknown,Normal
2026-06-15 07:36:49,4624,BACHTRANPC$,5,Unknown,Normal
2026-06-15 07:36:49,4624,BACHTRANPC$,5,Unknown,Normal
2026-06-15 07:36:49,4624,BACHTRANPC$,5,Unknown,Normal
2026-06-15 07:36:50,4624,BACHTRANPC$,5,Unknown,Normal
2026-06-15 07:36:50,4624,BACHTRANPC$,5,Unknown,Normal
2026-06-15 07:36:58,4624,BACHTRANPC$,5,Unknown,Normal
2026-06-15 07:36:58,4624,BACHTRANPC$,5,Unknown,Normal
2026-06-15 07:37:04,4624,BACHTRANPC$,5,Unknown,Normal
2026-06-15 07:37:09,4624,BACHTRANPC$,5,Unknown,Normal
2026-06-15 07:38:20,4624,BACHTRANPC$,5,Unknown,Normal
2026-06-15 07:41:49,4624,BACHTRANPC$,5,Unknown,Normal
2026-06-15 07:42:17,4624,BACHTRANPC$,5,Unknown,Normal
2026-06-15 07:43:27,4624,BACHTRANPC$,5,Unknown,Normal
2026-06-15 07:51:49,4624,BACHTRANPC$,5,Unknown,Normal
2026-06-15 07:51:50,4624,BACHTRANPC$,5,Unknown,Normal
2026-06-15 07:51:51,4624,BACHTRANPC$,5,Unknown,Normal
2026-06-15 07:53:07,4624,BACHTRANPC$,5,Unknown,Normal
2026-06-15 08:24:32,4624,BACHTRANPC$,5,Unknown,Normal
2026-06-15 08:29:32,4624,BACHTRANPC$,5,Unknown,Normal
2026-06-15 08:41:33,4624,BACHTRANPC$,5,Unknown,Normal
2026-06-15 08:41:33,4624,BACHTRANPC$,5,Unknown,Normal
2026-06-15 08:41:35,4624,BACHTRANPC$,5,Unknown,Normal
2026-06-15 08:41:35,4624,BACHTRANPC$,5,Unknown,Normal
2026-06-15 08:41:35,4624,BACHTRANPC$,5,Unknown,Normal
2026-06-15 08:41:35,4624,BACHTRANPC$,5,Unknown,Normal
2026-06-15 08:41:35,4624,BACHTRANPC$,5,Unknown,Normal
2026-06-15 08:41:36,4624,BACHTRANPC$,5,Unknown,Normal
2026-06-15 08:41:39,4624,BACHTRANPC$,5,Unknown,Normal
2026-06-15 08:41:41,4624,BACHTRANPC$,5,Unknown,Normal
2026-06-15 08:41:43,4624,BACHTRANPC$,5,Unknown,Normal
2026-06-15 08:42:43,4624,BACHTRANPC$,5,Unknown,Normal
2026-06-15 08:42:45,4624,BACHTRANPC$,5,Unknown,Normal
2026-06-15 08:42:45,4624,BACHTRANPC$,5,Unknown,Normal
2026-06-15 08:42:49,4624,BACHTRANPC$,5,Unknown,Normal
2026-06-15 08:49:51,4624,BACHTRANPC$,5,Unknown,Normal
2026-06-15 08:53:24,4624,BACHTRANPC$,5,Unknown,Normal
2026-06-15 08:55:10,4624,BACHTRANPC$,5,Unknown,Normal
2026-06-15 08:55:11,4624,BACHTRANPC$,5,Unknown,Normal
2026-06-15 08:55:13,4624,BACHTRANPC$,5,Unknown,Normal
2026-06-15 08:55:13,4624,BACHTRANPC$,5,Unknown,Normal
2026-06-15 08:55:13,4624,BACHTRANPC$,5,Unknown,Normal
2026-06-15 08:55:13,4624,BACHTRANPC$,5,Unknown,Normal
2026-06-15 08:55:13,4624,BACHTRANPC$,5,Unknown,Normal
2026-06-15 08:55:13,4624,BACHTRANPC$,5,Unknown,Normal
2026-06-15 08:55:16,4624,BACHTRANPC$,5,Unknown,Normal
2026-06-15 08:55:18,4624,BACHTRANPC$,5,Unknown,Normal
2026-06-15 08:55:23,4624,BACHTRANPC$,5,Unknown,Normal
2026-06-15 08:59:29,4624,BACHTRANPC$,5,Unknown,Normal
2026-06-15 09:06:16,4624,BACHTRANPC$,5,Unknown,Normal
2026-06-15 09:11:44,4624,BACHTRANPC$,5,Unknown,Normal
2026-06-15 09:17:58,4624,BACHTRANPC$,5,Unknown,Normal
2026-06-15 09:46:09,4624,BACHTRANPC$,5,Unknown,Normal
2026-06-15 09:46:09,4624,BACHTRANPC$,5,Unknown,Normal
2026-06-15 09:48:09,4624,BACHTRANPC$,5,Unknown,Normal
2026-06-15 09:53:25,4624,BACHTRANPC$,5,Unknown,Normal
2026-06-15 09:54:11,4624,BACHTRANPC$,5,Unknown,Normal
2026-06-15 09:57:19,4624,BACHTRANPC$,5,Unknown,Normal
2026-06-15 09:57:20,4624,BACHTRANPC$,5,Unknown,Normal
2026-06-15 09:57:48,4624,BACHTRANPC$,5,Unknown,Normal
2026-06-15 10:00:14,4624,BACHTRANPC$,5,Unknown,Normal
2026-06-15 10:03:06,4624,BACHTRANPC$,5,Unknown,Normal
2026-06-15 10:03:32,4624,BACHTRANPC$,5,Unknown,Normal
2026-06-15 10:05:39,4624,BACHTRANPC$,5,Unknown,Normal
2026-06-15 10:11:28,4624,BACHTRANPC$,5,Unknown,Normal
2026-06-15 10:24:41,4624,BACHTRANPC$,5,Unknown,Normal
2026-06-15 10:28:35,4624,BACHTRANPC$,5,Unknown,Normal
2026-06-15 10:41:45,4624,BACHTRANPC$,5,Unknown,Normal
2026-06-15 10:47:57,4624,BACHTRANPC$,5,Unknown,Normal
2026-06-15 10:50:22,4624,BACHTRANPC$,5,Unknown,Normal
2026-06-15 10:51:55,4624,BACHTRANPC$,5,Unknown,Normal
2026-06-15 11:06:53,4624,BACHTRANPC$,5,Unknown,Normal
2026-06-15 11:08:21,4624,BACHTRANPC$,5,Unknown,Normal
2026-06-15 11:08:21,4624,BACHTRANPC$,5,Unknown,Normal
2026-06-15 11:08:22,4624,BACHTRANPC$,5,Unknown,Normal
2026-06-15 11:13:22,4624,BACHTRANPC$,5,Unknown,Normal
2026-06-15 11:34:23,4624,BACHTRANPC$,5,Unknown,Normal
2026-06-15 11:38:41,4624,BACHTRANPC$,5,Unknown,Normal
2026-06-15 11:39:13,4624,BACHTRANPC$,5,Unknown,Normal
2026-06-15 11:42:02,4624,BACHTRANPC$,5,Unknown,Normal
2026-06-15 11:42:21,4624,BACHTRANPC$,5,Unknown,Normal
2026-06-15 11:50:55,4624,BACHTRANPC$,5,Unknown,Normal
2026-06-15 11:57:57,4624,BACHTRANPC$,5,Unknown,Normal
2026-06-15 11:57:58,4624,BACHTRANPC$,5,Unknown,Normal
2026-06-15 12:05:35,4624,BACHTRANPC$,2,Unknown,Normal
2026-06-15 12:05:35,4624,BACHTRANPC$,2,Unknown,Normal
2026-06-15 12:05:35,4624,BACHTRANPC$,2,Unknown,Normal
2026-06-15 12:05:35,4624,BACHTRANPC$,5,Unknown,Normal
2026-06-15 12:05:35,4624,BACHTRANPC$,5,Unknown,Normal
2026-06-15 12:05:39,4624,BACHTRANPC$,5,Unknown,Normal
2026-06-15 12:05:39,4624,BACHTRANPC$,5,Unknown,Normal
2026-06-15 12:05:40,4624,BACHTRANPC$,5,Unknown,Normal
2026-06-15 12:05:40,4624,BACHTRANPC$,5,Unknown,Normal
2026-06-15 12:05:44,4624,BACHTRANPC$,5,Unknown,Normal
2026-06-15 12:24:41,4624,BACHTRANPC$,5,Unknown,Normal
2026-06-15 12:24:47,4624,BACHTRANPC$,5,Unknown,Normal
2026-06-15 12:24:47,4624,BACHTRANPC$,5,Unknown,Normal
2026-06-15 12:24:47,4624,BACHTRANPC$,2,127.0.0.1,Normal
2026-06-15 12:24:47,4624,BACHTRANPC$,5,Unknown,Normal
2026-06-15 12:24:47,4624,BACHTRANPC$,2,127.0.0.1,Normal
2026-06-15 12:24:48,4624,BACHTRANPC$,5,Unknown,Normal
2026-06-15 12:24:49,4624,BACHTRANPC$,5,Unknown,Normal
2026-06-15 12:24:54,4624,BACHTRANPC$,5,Unknown,Normal
2026-06-15 12:24:57,4624,BACHTRANPC$,5,Unknown,Normal
2026-06-15 12:25:29,4624,BACHTRANPC$,5,Unknown,Normal
2026-06-15 12:26:09,4624,BACHTRANPC$,5,Unknown,Normal
2026-06-15 12:29:43,4624,BACHTRANPC$,5,Unknown,Normal
2026-06-15 12:29:48,4624,BACHTRANPC$,5,Unknown,Normal
2026-06-15 12:30:11,4624,BACHTRANPC$,5,Unknown,Normal
2026-06-15 12:31:31,4624,BACHTRANPC$,5,Unknown,Normal
2026-06-15 12:39:48,4624,BACHTRANPC$,5,Unknown,Normal
2026-06-15 12:39:48,4624,BACHTRANPC$,5,Unknown,Normal
2026-06-15 12:39:49,4624,BACHTRANPC$,5,Unknown,Normal
2026-06-15 12:39:49,4624,BACHTRANPC$,5,Unknown,Normal
2026-06-15 12:49:00,4624,BACHTRANPC$,5,Unknown,Normal
2026-06-15 12:50:02,4624,BACHTRANPC$,5,Unknown,Normal
2026-06-15 12:54:00,4624,BACHTRANPC$,5,Unknown,Normal
2026-06-15 13:05:29,4624,BACHTRANPC$,5,Unknown,Normal
2026-06-15 13:05:30,4624,BACHTRANPC$,5,Unknown,Normal
2026-06-15 13:16:44,4624,BACHTRANPC$,5,Unknown,Normal
2026-06-15 13:23:42,4624,BACHTRANPC$,5,Unknown,Normal
2026-06-15 13:23:43,4624,BACHTRANPC$,5,Unknown,Normal
2026-06-15 13:40:45,4624,BACHTRANPC$,5,Unknown,Normal
2026-06-15 13:54:41,4624,BACHTRANPC$,5,Unknown,Normal
2026-06-15 13:56:32,4624,BACHTRANPC$,5,Unknown,Normal
2026-06-15 13:56:34,4624,BACHTRANPC$,5,Unknown,Normal
2026-06-15 14:12:36,4624,BACHTRANPC$,5,Unknown,Normal
2026-06-15 14:13:40,4624,BACHTRANPC$,5,Unknown,Normal
2026-06-15 14:18:14,4624,BACHTRANPC$,5,Unknown,Normal
2026-06-15 14:24:37,4624,BACHTRANPC$,5,Unknown,Normal
2026-06-15 14:24:38,4624,BACHTRANPC$,5,Unknown,Normal
2026-06-15 14:35:02,4624,BACHTRANPC$,5,Unknown,Normal
2026-06-15 14:35:34,4624,BACHTRANPC$,5,Unknown,Normal
2026-06-15 14:38:09,4624,BACHTRANPC$,5,Unknown,Normal
2026-06-15 14:49:00,4624,BACHTRANPC$,5,Unknown,Normal
2026-06-15 14:49:00,4624,BACHTRANPC$,5,Unknown,Normal
2026-06-15 14:50:18,4624,BACHTRANPC$,5,Unknown,Normal
2026-06-15 15:12:36,4624,BACHTRANPC$,5,Unknown,Normal
2026-06-15 15:40:22,4624,BACHTRANPC$,5,Unknown,Normal
2026-06-15 15:40:23,4624,BACHTRANPC$,5,Unknown,Normal
2026-06-15 15:45:36,4624,BACHTRANPC$,5,Unknown,Normal
2026-06-15 15:48:23,4624,BACHTRANPC$,5,Unknown,Normal
2026-06-15 15:59:20,4624,BACHTRANPC$,5,Unknown,Normal
2026-06-15 15:59:20,4624,BACHTRANPC$,5,Unknown,Normal
2026-06-15 15:59:20,4624,BACHTRANPC$,5,Unknown,Normal
2026-06-15 15:59:21,4624,BACHTRANPC$,5,Unknown,Normal
2026-06-15 16:04:00,4624,BACHTRANPC$,5,Unknown,Normal
2026-06-15 16:06:28,4624,BACHTRANPC$,5,Unknown,Normal
2026-06-15 16:11:57,4624,BACHTRANPC$,5,Unknown,Normal
2026-06-15 16:11:57,4624,BACHTRANPC$,5,Unknown,Normal
2026-06-15 16:11:59,4624,BACHTRANPC$,5,Unknown,Normal
2026-06-15 16:16:15,4624,BACHTRANPC$,5,Unknown,Normal
2026-06-15 16:18:41,4624,BACHTRANPC$,5,Unknown,Normal
2026-06-15 17:09:06,4624,BACHTRANPC$,5,Unknown,Normal
2026-06-15 17:11:41,4624,BACHTRANPC$,5,Unknown,Normal
2026-06-15 17:13:05,4624,BACHTRANPC$,5,Unknown,Normal
2026-06-15 17:16:26,4624,BACHTRANPC$,5,Unknown,Normal
2026-06-15 17:16:26,4624,BACHTRANPC$,5,Unknown,Normal
2026-06-15 17:19:27,4624,BACHTRANPC$,5,Unknown,Normal
2026-06-15 17:21:17,4624,BACHTRANPC$,5,Unknown,Normal
2026-06-15 17:24:27,4624,BACHTRANPC$,5,Unknown,Normal
2026-06-15 17:36:22,4624,BACHTRANPC$,5,Unknown,Normal
2026-06-15 17:36:24,4624,BACHTRANPC$,5,Unknown,Normal
2026-06-15 17:36:24,4624,BACHTRANPC$,5,Unknown,Normal
2026-06-15 17:37:58,4624,BACHTRANPC$,5,Unknown,Normal
2026-06-15 17:52:59,4624,BACHTRANPC$,5,Unknown,Normal
2026-06-15 17:53:00,4624,BACHTRANPC$,5,Unknown,Normal
2026-06-15 18:05:39,4624,BACHTRANPC$,5,Unknown,Normal
2026-06-15 18:14:16,4624,BACHTRANPC$,5,Unknown,Normal
2026-06-15 18:14:16,4624,BACHTRANPC$,5,Unknown,Normal
2026-06-15 18:18:55,4624,BACHTRANPC$,5,Unknown,Normal
2026-06-15 18:34:46,4624,BACHTRANPC$,5,Unknown,Normal
2026-06-15 18:34:47,4624,BACHTRANPC$,5,Unknown,Normal
2026-06-15 18:43:25,4624,BACHTRANPC$,5,Unknown,Normal
2026-06-15 18:44:32,4624,BACHTRANPC$,5,Unknown,Normal
2026-06-15 18:49:57,4624,BACHTRANPC$,5,Unknown,Normal
2026-06-15 18:56:55,4624,BACHTRANPC$,5,Unknown,Normal
2026-06-15 18:57:54,4624,BACHTRANPC$,5,Unknown,Normal
2026-06-15 18:57:55,4624,BACHTRANPC$,5,Unknown,Normal
2026-06-15 19:02:01,4624,BACHTRANPC$,5,Unknown,Normal
2026-06-15 19:16:39,4624,BACHTRANPC$,5,Unknown,Normal
2026-06-15 19:16:42,4624,BACHTRANPC$,5,Unknown,Normal
2026-06-15 19:22:36,4624,BACHTRANPC$,5,Unknown,Normal
2026-06-15 19:25:17,4624,BACHTRANPC$,5,Unknown,Normal
2026-06-15 19:29:18,4624,BACHTRANPC$,5,Unknown,Normal
2026-06-15 19:35:43,4624,BACHTRANPC$,5,Unknown,Normal
2026-06-15 19:35:44,4624,BACHTRANPC$,5,Unknown,Normal
2026-06-15 19:40:00,4624,BACHTRANPC$,5,Unknown,Normal
2026-06-15 19:43:26,4624,BACHTRANPC$,5,Unknown,Normal
2026-06-15 19:49:13,4624,BACHTRANPC$,5,Unknown,Normal
2026-06-15 19:49:14,4624,BACHTRANPC$,5,Unknown,Normal
2026-06-15 19:51:23,4624,BACHTRANPC$,5,Unknown,Normal
2026-06-15 19:58:27,4624,BACHTRANPC$,5,Unknown,Normal
2026-06-15 20:11:57,4624,BACHTRANPC$,5,Unknown,Normal
2026-06-15 20:16:34,4624,BACHTRANPC$,5,Unknown,Normal
2026-06-15 20:34:35,4624,BACHTRANPC$,5,Unknown,Normal
2026-06-15 20:36:32,4624,BACHTRANPC$,5,Unknown,Normal
2026-06-15 21:26:40,4624,BACHTRANPC$,5,Unknown,Normal
2026-06-15 21:31:53,4624,BACHTRANPC$,5,Unknown,Normal
2026-06-15 21:41:40,4624,BACHTRANPC$,5,Unknown,Normal
2026-06-15 21:53:40,4624,BACHTRANPC$,5,Unknown,Normal
2026-06-15 21:53:41,4624,BACHTRANPC$,5,Unknown,Normal
2026-06-15 21:58:52,4624,BACHTRANPC$,5,Unknown,Normal
2026-06-15 22:00:15,4624,BACHTRANPC$,5,Unknown,Normal
2026-06-15 22:08:22,4624,BACHTRANPC$,5,Unknown,Normal
2026-06-15 22:10:25,4624,BACHTRANPC$,5,Unknown,Normal
2026-06-15 22:18:23,4624,BACHTRANPC$,5,Unknown,Normal
2026-06-15 22:18:29,4625,BACHTRANPC$,2,127.0.0.1,Anomaly
2026-06-15 22:18:30,4625,BACHTRANPC$,2,127.0.0.1,Anomaly
2026-06-15 22:18:31,4625,BACHTRANPC$,2,127.0.0.1,Anomaly
2026-06-15 22:18:32,4625,BACHTRANPC$,2,127.0.0.1,Anomaly
2026-06-15 22:18:33,4625,BACHTRANPC$,2,127.0.0.1,Anomaly
2026-06-15 22:18:34,4625,BACHTRANPC$,2,127.0.0.1,Anomaly
2026-06-15 22:19:09,4624,BACHTRANPC$,2,127.0.0.1,Normal
2026-06-15 22:19:09,4624,BACHTRANPC$,2,127.0.0.1,Normal
2026-06-15 22:19:09,4624,BACHTRANPC$,5,Unknown,Normal
2026-06-15 22:19:51,4624,BACHTRANPC$,5,Unknown,Normal
2026-06-15 22:29:39,4624,BACHTRANPC$,5,Unknown,Normal
2026-06-15 22:31:54,4624,BACHTRANPC$,5,Unknown,Normal
2026-06-15 22:36:56,4624,BACHTRANPC$,5,Unknown,Normal
2026-06-15 22:36:58,4624,BACHTRANPC$,5,Unknown,Normal
2026-06-15 22:43:17,4624,BACHTRANPC$,5,Unknown,Normal
